<?xml version="1.0" encoding="UTF-8"?>
<!DOCTYPE mapper
  PUBLIC "-//mybatis.org//DTD Mapper 3.0//EN"
  "http://mybatis.org/dtd/mybatis-3-mapper.dtd">
  <mapper namespace="com.xt.mapper.SPayMapper">
  <!-- 分页查询出库 -->
  	<select id="spaylist" resultType="SPay">
  		select * from s_pay 
  		<where>
  			<if test="s.pay_Id != null and s.pay_Id != '' ">
  				pay_id = #{s.pay_Id}
  			</if>
  			<if test="page.startRow != null and page.pageSize != null">
		    	limit #{page.startRow},#{page.pageSize}
			</if>
  		</where>
  	</select>
  	<select id="countSPay" resultType="int">
  		select count(1) from s_pay
  		<where>
  			<if test="pay_Id != null and pay_Id != '' ">
  				pay_id = #{pay_Id}
  			</if>
  		</where>
  	</select>
  	<!-- 添加出库单 -->
  	<insert id="addSPay">
  		insert into s_pay values(null,#{pay_Id},#{storer},#{reason},#{reasonexact},#{amount_Sum},#{cost_Price_Sum},#{paid_Amount_Sum},
  		#{remark},#{register},#{register_Time},#{checker},#{check_Time},#{check_Tag},#{attemper},#{attemper_Time},#{store_Tag})
  	</insert>
  </mapper>